<?xml version="1.0" encoding="utf-8" ?>
<Defs>

  <FactionDef ParentName="TribeBase">
    <defName>TribeElf</defName>
    <label>Elf Conclave</label>
    <description>The elves were once thought of just as fairy tales and story's to tell. Things changed drastically as these woodland elves emerged from the forests dedicated to protecting the woodlands. Furthermore, the elves have gone to war with their offspring the night elves.</description>
    <factionIconPath>World/WorldObjects/Expanding/RoughPigUnion</factionIconPath>
    <factionNameMaker>NamerFactionTribal</factionNameMaker>
    <settlementNameMaker>NamerSettlementTribal</settlementNameMaker>
	<requiredCountAtGameStart>0</requiredCountAtGameStart>
    <colorSpectrum>
      <li>(0.85, 0.75, 0.37)</li>
      <li>(0.94, 0.61, 0.06)</li>
    </colorSpectrum>
    <maxConfigurableAtWorldCreation>9999</maxConfigurableAtWorldCreation>
    <configurationListOrderPriority>1</configurationListOrderPriority>
    <startingCountAtWorldCreation>1</startingCountAtWorldCreation>
    <disallowedMemes>
      <li MayRequire="Ludeon.RimWorld.Ideology">Raider</li>
    </disallowedMemes>
    <pawnSingular>tribesman</pawnSingular>
    <pawnsPlural>tribespeople</pawnsPlural>
    <melaninRange>0~0.5</melaninRange>
    <xenotypeSet Inherit="False">
      <xenotypeChances>
        <elf>999</elf>
      </xenotypeChances>
      <warnIfTotalAbove1>false</warnIfTotalAbove1>
    </xenotypeSet>
    <pawnGroupMakers Inherit="False">
      <li>
        <!-- Normal fights, ranged with melee mix-ins -->
        <kindDef>Combat</kindDef>
        <commonality>100</commonality>
        <options>
          <Tribal_Penitent>5</Tribal_Penitent>
          <Tribal_Warrior>5</Tribal_Warrior>
          <Tribal_Archer>1</Tribal_Archer>
          <Tribal_Hunter>1</Tribal_Hunter>
          <Tribal_HeavyArcher>1</Tribal_HeavyArcher>
          <Tribal_Berserker>5</Tribal_Berserker>
          <Tribal_ChiefRanged>1</Tribal_ChiefRanged>
          <Tribal_ChiefMelee>3</Tribal_ChiefMelee>
        </options>
      </li>
      <li>
        <!-- Normal fights, melee only -->
        <kindDef>Combat</kindDef>
        <commonality>150</commonality>
        <options>
          <Tribal_Penitent>10</Tribal_Penitent>
          <Tribal_Warrior>10</Tribal_Warrior>
          <Tribal_Berserker>10</Tribal_Berserker>
          <Tribal_ChiefMelee>5</Tribal_ChiefMelee>
      </options>
      </li>
      <li>
        <!-- breach-capable fights, breachers plus ranged with melee mix-ins -->
        <kindDef>Combat</kindDef>
        <commonality>5</commonality>
        <options>
          <Tribal_Breacher>5</Tribal_Breacher>
          <Tribal_Penitent>5</Tribal_Penitent>
          <Tribal_Warrior>5</Tribal_Warrior>
          <Tribal_Archer>1</Tribal_Archer>
          <Tribal_Hunter>1</Tribal_Hunter>
          <Tribal_HeavyArcher>1</Tribal_HeavyArcher>
          <Tribal_Berserker>5</Tribal_Berserker>
          <Tribal_ChiefRanged>1</Tribal_ChiefRanged>
          <Tribal_ChiefMelee>3</Tribal_ChiefMelee>
      </options>
      </li>
      <li>
        <!-- Peaceful -->
        <kindDef>Peaceful</kindDef>
        <options>
          <Tribal_Warrior>20</Tribal_Warrior>
          <Tribal_Child>10</Tribal_Child>
          <Tribal_Archer>1</Tribal_Archer>
          <Tribal_Hunter>1</Tribal_Hunter>
          <Tribal_HeavyArcher>1</Tribal_HeavyArcher>
          <Tribal_Berserker>5</Tribal_Berserker>
          <Tribal_ChiefRanged>1</Tribal_ChiefRanged>
          <Tribal_ChiefMelee>3</Tribal_ChiefMelee>
        </options>
      </li>
      <li>
        <kindDef>Trader</kindDef>
        <traders>
          <Tribal_Trader>1</Tribal_Trader>
        </traders>
        <carriers>
          <Muffalo>6</Muffalo>
          <Dromedary>5</Dromedary>
          <Alpaca>2.5</Alpaca>
          <Elephant>2</Elephant>
        </carriers>
        <guards>
          <Tribal_Warrior>7</Tribal_Warrior>
          <Tribal_Archer>1</Tribal_Archer>
          <Tribal_Hunter>1</Tribal_Hunter>
          <Tribal_HeavyArcher>1</Tribal_HeavyArcher>
          <Tribal_Berserker>7</Tribal_Berserker>
        </guards>
      </li>
      <li>
        <kindDef>Settlement</kindDef>
        <options>
          <Tribal_Warrior>7</Tribal_Warrior>
          <Tribal_Archer>1</Tribal_Archer>
          <Tribal_Hunter>1</Tribal_Hunter>
          <Tribal_HeavyArcher>1</Tribal_HeavyArcher>
          <Tribal_Berserker>7</Tribal_Berserker>
          <Tribal_ChiefRanged>1</Tribal_ChiefRanged>
          <Tribal_ChiefMelee>3</Tribal_ChiefMelee>
        </options>
      </li>
      <li>
        <kindDef>Settlement_RangedOnly</kindDef>
        <options>
          <Tribal_Archer>10</Tribal_Archer>
          <Tribal_Hunter>10</Tribal_Hunter>
          <Tribal_HeavyArcher>10</Tribal_HeavyArcher>
          <Tribal_ChiefRanged>1</Tribal_ChiefRanged>
          <Tribal_ChiefMelee>10</Tribal_ChiefMelee>
        </options>
      </li>
      <li MayRequire="Ludeon.RimWorld.Ideology">
        <kindDef>Miners</kindDef>
        <commonality>1</commonality>
        <options>
          <Tribal_Miner>1</Tribal_Miner>
        </options>
      </li>
      <li MayRequire="Ludeon.RimWorld.Ideology">
        <kindDef>Hunters</kindDef>
        <commonality>1</commonality>
        <options>
          <Tribal_Hunter>1</Tribal_Hunter>
        </options>
      </li>
      <li MayRequire="Ludeon.RimWorld.Ideology">
        <kindDef>Loggers</kindDef>
        <commonality>1</commonality>
        <options>
          <Tribal_Logger>1</Tribal_Logger>
        </options>
      </li>
      <li MayRequire="Ludeon.RimWorld.Ideology">
        <kindDef>Farmers</kindDef>
        <commonality>1</commonality>
        <options>
          <Tribal_Farmer>1</Tribal_Farmer>
        </options>
      </li>
    </pawnGroupMakers>
  </FactionDef>
  
  <FactionDef ParentName="TribeBase">
    <defName>TribeNightElf</defName>
    <label>Night Elf Sanctuary</label>
    <description>Descendants of the elves these purple beings were once a powerful and mystical race. When the elves descended from the forests the night elves slowly followed them attempting to subject and destroy their archenemies the elves from the inside.</description>
    <factionIconPath>World/WorldObjects/Expanding/FierceNeanderthalTribe</factionIconPath>
    <factionNameMaker>NamerFactionTribal</factionNameMaker>
    <settlementNameMaker>NamerSettlementTribal</settlementNameMaker>
	<requiredCountAtGameStart>0</requiredCountAtGameStart>
    <colorSpectrum>
      <li>(0.35, 0.30, 0.60)</li>
      <li>(0.45, 0.40, 0.90)</li>
    </colorSpectrum>
    <maxConfigurableAtWorldCreation>9999</maxConfigurableAtWorldCreation>
    <configurationListOrderPriority>1</configurationListOrderPriority>
    <startingCountAtWorldCreation>1</startingCountAtWorldCreation>
    <disallowedMemes>
      <li MayRequire="Ludeon.RimWorld.Ideology">Raider</li>
    </disallowedMemes>
    <pawnSingular>tribesman</pawnSingular>
    <pawnsPlural>tribespeople</pawnsPlural>
    <melaninRange>0~0.5</melaninRange>
    <xenotypeSet Inherit="False">
      <xenotypeChances>
        <nightelf>999</nightelf>
      </xenotypeChances>
      <warnIfTotalAbove1>false</warnIfTotalAbove1>
    </xenotypeSet>
    <pawnGroupMakers Inherit="False">
      <li>
        <!-- Normal fights, ranged with melee mix-ins -->
        <kindDef>Combat</kindDef>
        <commonality>100</commonality>
        <options>
          <Tribal_Penitent>5</Tribal_Penitent>
          <Tribal_Warrior>5</Tribal_Warrior>
          <Tribal_Archer>1</Tribal_Archer>
          <Tribal_Hunter>1</Tribal_Hunter>
          <Tribal_HeavyArcher>1</Tribal_HeavyArcher>
          <Tribal_Berserker>5</Tribal_Berserker>
          <Tribal_ChiefRanged>1</Tribal_ChiefRanged>
          <Tribal_ChiefMelee>3</Tribal_ChiefMelee>
        </options>
      </li>
      <li>
        <!-- Normal fights, melee only -->
        <kindDef>Combat</kindDef>
        <commonality>150</commonality>
        <options>
          <Tribal_Penitent>10</Tribal_Penitent>
          <Tribal_Warrior>10</Tribal_Warrior>
          <Tribal_Berserker>10</Tribal_Berserker>
          <Tribal_ChiefMelee>5</Tribal_ChiefMelee>
      </options>
      </li>
      <li>
        <!-- breach-capable fights, breachers plus ranged with melee mix-ins -->
        <kindDef>Combat</kindDef>
        <commonality>5</commonality>
        <options>
          <Tribal_Breacher>5</Tribal_Breacher>
          <Tribal_Penitent>5</Tribal_Penitent>
          <Tribal_Warrior>5</Tribal_Warrior>
          <Tribal_Archer>1</Tribal_Archer>
          <Tribal_Hunter>1</Tribal_Hunter>
          <Tribal_HeavyArcher>1</Tribal_HeavyArcher>
          <Tribal_Berserker>5</Tribal_Berserker>
          <Tribal_ChiefRanged>1</Tribal_ChiefRanged>
          <Tribal_ChiefMelee>3</Tribal_ChiefMelee>
      </options>
      </li>
      <li>
        <!-- Peaceful -->
        <kindDef>Peaceful</kindDef>
        <options>
          <Tribal_Warrior>20</Tribal_Warrior>
          <Tribal_Child>10</Tribal_Child>
          <Tribal_Archer>1</Tribal_Archer>
          <Tribal_Hunter>1</Tribal_Hunter>
          <Tribal_HeavyArcher>1</Tribal_HeavyArcher>
          <Tribal_Berserker>5</Tribal_Berserker>
          <Tribal_ChiefRanged>1</Tribal_ChiefRanged>
          <Tribal_ChiefMelee>3</Tribal_ChiefMelee>
        </options>
      </li>
      <li>
        <kindDef>Trader</kindDef>
        <traders>
          <Tribal_Trader>1</Tribal_Trader>
        </traders>
        <carriers>
          <Muffalo>6</Muffalo>
          <Dromedary>5</Dromedary>
          <Alpaca>2.5</Alpaca>
          <Elephant>2</Elephant>
        </carriers>
        <guards>
          <Tribal_Warrior>7</Tribal_Warrior>
          <Tribal_Archer>1</Tribal_Archer>
          <Tribal_Hunter>1</Tribal_Hunter>
          <Tribal_HeavyArcher>1</Tribal_HeavyArcher>
          <Tribal_Berserker>7</Tribal_Berserker>
        </guards>
      </li>
      <li>
        <kindDef>Settlement</kindDef>
        <options>
          <Tribal_Warrior>7</Tribal_Warrior>
          <Tribal_Archer>1</Tribal_Archer>
          <Tribal_Hunter>1</Tribal_Hunter>
          <Tribal_HeavyArcher>1</Tribal_HeavyArcher>
          <Tribal_Berserker>7</Tribal_Berserker>
          <Tribal_ChiefRanged>1</Tribal_ChiefRanged>
          <Tribal_ChiefMelee>3</Tribal_ChiefMelee>
        </options>
      </li>
      <li>
        <kindDef>Settlement_RangedOnly</kindDef>
        <options>
          <Tribal_Archer>10</Tribal_Archer>
          <Tribal_Hunter>10</Tribal_Hunter>
          <Tribal_HeavyArcher>10</Tribal_HeavyArcher>
          <Tribal_ChiefRanged>1</Tribal_ChiefRanged>
          <Tribal_ChiefMelee>10</Tribal_ChiefMelee>
        </options>
      </li>
      <li MayRequire="Ludeon.RimWorld.Ideology">
        <kindDef>Miners</kindDef>
        <commonality>1</commonality>
        <options>
          <Tribal_Miner>1</Tribal_Miner>
        </options>
      </li>
      <li MayRequire="Ludeon.RimWorld.Ideology">
        <kindDef>Hunters</kindDef>
        <commonality>1</commonality>
        <options>
          <Tribal_Hunter>1</Tribal_Hunter>
        </options>
      </li>
      <li MayRequire="Ludeon.RimWorld.Ideology">
        <kindDef>Loggers</kindDef>
        <commonality>1</commonality>
        <options>
          <Tribal_Logger>1</Tribal_Logger>
        </options>
      </li>
      <li MayRequire="Ludeon.RimWorld.Ideology">
        <kindDef>Farmers</kindDef>
        <commonality>1</commonality>
        <options>
          <Tribal_Farmer>1</Tribal_Farmer>
        </options>
      </li>
    </pawnGroupMakers>
  </FactionDef>
  
  <FactionDef ParentName="TribeBase">
    <defName>TribeDwarf</defName>
    <label>Dwarven Mine</label>
    <description>Not much is known of the dwarves many say that the appearance of the elves forced them out of hiding. The dwarves typically stay in their mountain homes drinking the night away. But be warned these creatures are incredibly brutal and if made an enemy they will strike.</description>
    <factionIconPath>World/WorldObjects/Expanding/VillageSavage</factionIconPath>
    <factionNameMaker>NamerFactionTribal</factionNameMaker>
    <settlementNameMaker>NamerSettlementTribal</settlementNameMaker>
	<requiredCountAtGameStart>0</requiredCountAtGameStart>
    <colorSpectrum>
      <li>(0, 0.4, 0.94)</li>
      <li>(0.64, 0.8, 1)</li>
    </colorSpectrum>
    <maxConfigurableAtWorldCreation>9999</maxConfigurableAtWorldCreation>
    <configurationListOrderPriority>1</configurationListOrderPriority>
    <startingCountAtWorldCreation>1</startingCountAtWorldCreation>
    <disallowedMemes>
      <li MayRequire="Ludeon.RimWorld.Ideology">Raider</li>
    </disallowedMemes>
    <pawnSingular>tribesman</pawnSingular>
    <pawnsPlural>tribespeople</pawnsPlural>
    <melaninRange>0~0.5</melaninRange>
    <xenotypeSet Inherit="False">
      <xenotypeChances>
        <dwarf>999</dwarf>
      </xenotypeChances>
      <warnIfTotalAbove1>false</warnIfTotalAbove1>
    </xenotypeSet>
    <pawnGroupMakers Inherit="False">
      <li>
        <!-- Normal fights, ranged with melee mix-ins -->
        <kindDef>Combat</kindDef>
        <commonality>100</commonality>
        <options>
          <Tribal_Penitent>5</Tribal_Penitent>
          <Tribal_Warrior>5</Tribal_Warrior>
          <Tribal_Archer>1</Tribal_Archer>
          <Tribal_Hunter>1</Tribal_Hunter>
          <Tribal_HeavyArcher>1</Tribal_HeavyArcher>
          <Tribal_Berserker>5</Tribal_Berserker>
          <Tribal_ChiefRanged>1</Tribal_ChiefRanged>
          <Tribal_ChiefMelee>3</Tribal_ChiefMelee>
        </options>
      </li>
      <li>
        <!-- Normal fights, melee only -->
        <kindDef>Combat</kindDef>
        <commonality>150</commonality>
        <options>
          <Tribal_Penitent>10</Tribal_Penitent>
          <Tribal_Warrior>10</Tribal_Warrior>
          <Tribal_Berserker>10</Tribal_Berserker>
          <Tribal_ChiefMelee>5</Tribal_ChiefMelee>
      </options>
      </li>
      <li>
        <!-- breach-capable fights, breachers plus ranged with melee mix-ins -->
        <kindDef>Combat</kindDef>
        <commonality>5</commonality>
        <options>
          <Tribal_Breacher>5</Tribal_Breacher>
          <Tribal_Penitent>5</Tribal_Penitent>
          <Tribal_Warrior>5</Tribal_Warrior>
          <Tribal_Archer>1</Tribal_Archer>
          <Tribal_Hunter>1</Tribal_Hunter>
          <Tribal_HeavyArcher>1</Tribal_HeavyArcher>
          <Tribal_Berserker>5</Tribal_Berserker>
          <Tribal_ChiefRanged>1</Tribal_ChiefRanged>
          <Tribal_ChiefMelee>3</Tribal_ChiefMelee>
      </options>
      </li>
      <li>
        <!-- Peaceful -->
        <kindDef>Peaceful</kindDef>
        <options>
          <Tribal_Warrior>20</Tribal_Warrior>
          <Tribal_Child>10</Tribal_Child>
          <Tribal_Archer>1</Tribal_Archer>
          <Tribal_Hunter>1</Tribal_Hunter>
          <Tribal_HeavyArcher>1</Tribal_HeavyArcher>
          <Tribal_Berserker>5</Tribal_Berserker>
          <Tribal_ChiefRanged>1</Tribal_ChiefRanged>
          <Tribal_ChiefMelee>3</Tribal_ChiefMelee>
        </options>
      </li>
      <li>
        <kindDef>Trader</kindDef>
        <traders>
          <Tribal_Trader>1</Tribal_Trader>
        </traders>
        <carriers>
          <Muffalo>6</Muffalo>
          <Dromedary>5</Dromedary>
          <Alpaca>2.5</Alpaca>
          <Elephant>2</Elephant>
        </carriers>
        <guards>
          <Tribal_Warrior>7</Tribal_Warrior>
          <Tribal_Archer>1</Tribal_Archer>
          <Tribal_Hunter>1</Tribal_Hunter>
          <Tribal_HeavyArcher>1</Tribal_HeavyArcher>
          <Tribal_Berserker>7</Tribal_Berserker>
        </guards>
      </li>
      <li>
        <kindDef>Settlement</kindDef>
        <options>
          <Tribal_Warrior>7</Tribal_Warrior>
          <Tribal_Archer>1</Tribal_Archer>
          <Tribal_Hunter>1</Tribal_Hunter>
          <Tribal_HeavyArcher>1</Tribal_HeavyArcher>
          <Tribal_Berserker>7</Tribal_Berserker>
          <Tribal_ChiefRanged>1</Tribal_ChiefRanged>
          <Tribal_ChiefMelee>3</Tribal_ChiefMelee>
        </options>
      </li>
      <li>
        <kindDef>Settlement_RangedOnly</kindDef>
        <options>
          <Tribal_Archer>10</Tribal_Archer>
          <Tribal_Hunter>10</Tribal_Hunter>
          <Tribal_HeavyArcher>10</Tribal_HeavyArcher>
          <Tribal_ChiefRanged>1</Tribal_ChiefRanged>
          <Tribal_ChiefMelee>10</Tribal_ChiefMelee>
        </options>
      </li>
      <li MayRequire="Ludeon.RimWorld.Ideology">
        <kindDef>Miners</kindDef>
        <commonality>1</commonality>
        <options>
          <Tribal_Miner>1</Tribal_Miner>
        </options>
      </li>
      <li MayRequire="Ludeon.RimWorld.Ideology">
        <kindDef>Hunters</kindDef>
        <commonality>1</commonality>
        <options>
          <Tribal_Hunter>1</Tribal_Hunter>
        </options>
      </li>
      <li MayRequire="Ludeon.RimWorld.Ideology">
        <kindDef>Loggers</kindDef>
        <commonality>1</commonality>
        <options>
          <Tribal_Logger>1</Tribal_Logger>
        </options>
      </li>
      <li MayRequire="Ludeon.RimWorld.Ideology">
        <kindDef>Farmers</kindDef>
        <commonality>1</commonality>
        <options>
          <Tribal_Farmer>1</Tribal_Farmer>
        </options>
      </li>
    </pawnGroupMakers>
  </FactionDef>

  <FactionDef ParentName="TribeBase">
    <defName>TribeHalf</defName>
    <label>Halfling Farm</label>
    <description>These small and friendly creatures live in harmony with others. Although weak and small these creatures make up for that fact with vast farmlands and being kind.</description>
    <factionIconPath>World/WorldObjects/Expanding/Town</factionIconPath>
    <factionNameMaker>NamerFactionTribal</factionNameMaker>
    <settlementNameMaker>NamerSettlementTribal</settlementNameMaker>
	<requiredCountAtGameStart>0</requiredCountAtGameStart>
    <colorSpectrum>
      <li>(0.65, 0.28, 0)</li>
      <li>(0.61, 0.45, 0.32)</li>
    </colorSpectrum>
    <maxConfigurableAtWorldCreation>9999</maxConfigurableAtWorldCreation>
    <configurationListOrderPriority>1</configurationListOrderPriority>
    <startingCountAtWorldCreation>1</startingCountAtWorldCreation>
    <disallowedMemes>
      <li MayRequire="Ludeon.RimWorld.Ideology">Raider</li>
    </disallowedMemes>
    <pawnSingular>tribesman</pawnSingular>
    <pawnsPlural>tribespeople</pawnsPlural>
    <melaninRange>0~0.5</melaninRange>
    <xenotypeSet Inherit="False">
      <xenotypeChances>
        <halfling>999</halfling>
      </xenotypeChances>
      <warnIfTotalAbove1>false</warnIfTotalAbove1>
    </xenotypeSet>
    <pawnGroupMakers Inherit="False">
      <li>
        <!-- Normal fights, ranged with melee mix-ins -->
        <kindDef>Combat</kindDef>
        <commonality>100</commonality>
        <options>
          <Tribal_Penitent>5</Tribal_Penitent>
          <Tribal_Warrior>5</Tribal_Warrior>
          <Tribal_Archer>1</Tribal_Archer>
          <Tribal_Hunter>1</Tribal_Hunter>
          <Tribal_HeavyArcher>1</Tribal_HeavyArcher>
          <Tribal_Berserker>5</Tribal_Berserker>
          <Tribal_ChiefRanged>1</Tribal_ChiefRanged>
          <Tribal_ChiefMelee>3</Tribal_ChiefMelee>
        </options>
      </li>
      <li>
        <!-- Normal fights, melee only -->
        <kindDef>Combat</kindDef>
        <commonality>150</commonality>
        <options>
          <Tribal_Penitent>10</Tribal_Penitent>
          <Tribal_Warrior>10</Tribal_Warrior>
          <Tribal_Berserker>10</Tribal_Berserker>
          <Tribal_ChiefMelee>5</Tribal_ChiefMelee>
      </options>
      </li>
      <li>
        <!-- breach-capable fights, breachers plus ranged with melee mix-ins -->
        <kindDef>Combat</kindDef>
        <commonality>5</commonality>
        <options>
          <Tribal_Breacher>5</Tribal_Breacher>
          <Tribal_Penitent>5</Tribal_Penitent>
          <Tribal_Warrior>5</Tribal_Warrior>
          <Tribal_Archer>1</Tribal_Archer>
          <Tribal_Hunter>1</Tribal_Hunter>
          <Tribal_HeavyArcher>1</Tribal_HeavyArcher>
          <Tribal_Berserker>5</Tribal_Berserker>
          <Tribal_ChiefRanged>1</Tribal_ChiefRanged>
          <Tribal_ChiefMelee>3</Tribal_ChiefMelee>
      </options>
      </li>
      <li>
        <!-- Peaceful -->
        <kindDef>Peaceful</kindDef>
        <options>
          <Tribal_Warrior>20</Tribal_Warrior>
          <Tribal_Child>10</Tribal_Child>
          <Tribal_Archer>1</Tribal_Archer>
          <Tribal_Hunter>1</Tribal_Hunter>
          <Tribal_HeavyArcher>1</Tribal_HeavyArcher>
          <Tribal_Berserker>5</Tribal_Berserker>
          <Tribal_ChiefRanged>1</Tribal_ChiefRanged>
          <Tribal_ChiefMelee>3</Tribal_ChiefMelee>
        </options>
      </li>
      <li>
        <kindDef>Trader</kindDef>
        <traders>
          <Tribal_Trader>1</Tribal_Trader>
        </traders>
        <carriers>
          <Muffalo>6</Muffalo>
          <Dromedary>5</Dromedary>
          <Alpaca>2.5</Alpaca>
          <Elephant>2</Elephant>
        </carriers>
        <guards>
          <Tribal_Warrior>7</Tribal_Warrior>
          <Tribal_Archer>1</Tribal_Archer>
          <Tribal_Hunter>1</Tribal_Hunter>
          <Tribal_HeavyArcher>1</Tribal_HeavyArcher>
          <Tribal_Berserker>7</Tribal_Berserker>
        </guards>
      </li>
      <li>
        <kindDef>Settlement</kindDef>
        <options>
          <Tribal_Warrior>7</Tribal_Warrior>
          <Tribal_Archer>1</Tribal_Archer>
          <Tribal_Hunter>1</Tribal_Hunter>
          <Tribal_HeavyArcher>1</Tribal_HeavyArcher>
          <Tribal_Berserker>7</Tribal_Berserker>
          <Tribal_ChiefRanged>1</Tribal_ChiefRanged>
          <Tribal_ChiefMelee>3</Tribal_ChiefMelee>
        </options>
      </li>
      <li>
        <kindDef>Settlement_RangedOnly</kindDef>
        <options>
          <Tribal_Archer>10</Tribal_Archer>
          <Tribal_Hunter>10</Tribal_Hunter>
          <Tribal_HeavyArcher>10</Tribal_HeavyArcher>
          <Tribal_ChiefRanged>1</Tribal_ChiefRanged>
          <Tribal_ChiefMelee>10</Tribal_ChiefMelee>
        </options>
      </li>
      <li MayRequire="Ludeon.RimWorld.Ideology">
        <kindDef>Miners</kindDef>
        <commonality>1</commonality>
        <options>
          <Tribal_Miner>1</Tribal_Miner>
        </options>
      </li>
      <li MayRequire="Ludeon.RimWorld.Ideology">
        <kindDef>Hunters</kindDef>
        <commonality>1</commonality>
        <options>
          <Tribal_Hunter>1</Tribal_Hunter>
        </options>
      </li>
      <li MayRequire="Ludeon.RimWorld.Ideology">
        <kindDef>Loggers</kindDef>
        <commonality>1</commonality>
        <options>
          <Tribal_Logger>1</Tribal_Logger>
        </options>
      </li>
      <li MayRequire="Ludeon.RimWorld.Ideology">
        <kindDef>Farmers</kindDef>
        <commonality>1</commonality>
        <options>
          <Tribal_Farmer>1</Tribal_Farmer>
        </options>
      </li>
    </pawnGroupMakers>
  </FactionDef>
  
  <FactionDef ParentName="TribeRoughBase">
    <defName>TribeOrc</defName>
    <label>Horde Tribe</label>
    <description>An unfriendly, territorial tribe of Orcs thugs and other lowly creatures. They are open to peaceful trade, but are otherwise unfriendly and territorial. Warriors from their tribe won't hesitate to bash in the skulls of anyone they deem dangerous. Their numbers, and the extreme amounts of damage they absorb before falling make them serious foes despite their lack of technology and analytical ability.\n\nAlthough foreign to this planet, they have no memory of how they got here.</description>
    <factionIconPath>World/WorldObjects/Expanding/CannibalTribe</factionIconPath>
    <factionNameMaker>NamerFactionTribal</factionNameMaker>
    <settlementNameMaker>NamerSettlementTribal</settlementNameMaker>
	<configurationListOrderPriority>1</configurationListOrderPriority>
    <pawnSingular>tribesman</pawnSingular>
    <pawnsPlural>tribespeople</pawnsPlural>
    <melaninRange>0~0.5</melaninRange>
    <xenotypeSet Inherit="False">
      <xenotypeChances>
        <orc>0.80</orc>
        <goblin>0.10</goblin>
        <undead>0.09</undead>
		<troll>0.01</troll>
      </xenotypeChances>
      <warnIfTotalAbove1>false</warnIfTotalAbove1>
    </xenotypeSet>
    <pawnGroupMakers Inherit="False">
      <li>
        <!-- Normal fights, ranged with melee mix-ins -->
        <kindDef>Combat</kindDef>
        <commonality>100</commonality>
        <options>
          <Tribal_Penitent>5</Tribal_Penitent>
          <Tribal_Warrior>5</Tribal_Warrior>
          <Tribal_Archer>1</Tribal_Archer>
          <Tribal_Hunter>1</Tribal_Hunter>
          <Tribal_HeavyArcher>1</Tribal_HeavyArcher>
          <Tribal_Berserker>5</Tribal_Berserker>
          <Tribal_ChiefRanged>1</Tribal_ChiefRanged>
          <Tribal_ChiefMelee>3</Tribal_ChiefMelee>
        </options>
      </li>
      <li>
        <!-- Normal fights, melee only -->
        <kindDef>Combat</kindDef>
        <commonality>150</commonality>
        <options>
          <Tribal_Penitent>10</Tribal_Penitent>
          <Tribal_Warrior>10</Tribal_Warrior>
          <Tribal_Berserker>10</Tribal_Berserker>
          <Tribal_ChiefMelee>5</Tribal_ChiefMelee>
      </options>
      </li>
      <li>
        <!-- breach-capable fights, breachers plus ranged with melee mix-ins -->
        <kindDef>Combat</kindDef>
        <commonality>5</commonality>
        <options>
          <Tribal_Breacher>5</Tribal_Breacher>
          <Tribal_Penitent>5</Tribal_Penitent>
          <Tribal_Warrior>5</Tribal_Warrior>
          <Tribal_Archer>1</Tribal_Archer>
          <Tribal_Hunter>1</Tribal_Hunter>
          <Tribal_HeavyArcher>1</Tribal_HeavyArcher>
          <Tribal_Berserker>5</Tribal_Berserker>
          <Tribal_ChiefRanged>1</Tribal_ChiefRanged>
          <Tribal_ChiefMelee>3</Tribal_ChiefMelee>
      </options>
      </li>
      <li>
        <!-- Peaceful -->
        <kindDef>Peaceful</kindDef>
        <options>
          <Tribal_Warrior>20</Tribal_Warrior>
          <Tribal_Child>10</Tribal_Child>
          <Tribal_Archer>1</Tribal_Archer>
          <Tribal_Hunter>1</Tribal_Hunter>
          <Tribal_HeavyArcher>1</Tribal_HeavyArcher>
          <Tribal_Berserker>5</Tribal_Berserker>
          <Tribal_ChiefRanged>1</Tribal_ChiefRanged>
          <Tribal_ChiefMelee>3</Tribal_ChiefMelee>
        </options>
      </li>
      <li>
        <kindDef>Trader</kindDef>
        <traders>
          <Tribal_Trader>1</Tribal_Trader>
        </traders>
        <carriers>
          <Muffalo>6</Muffalo>
          <Dromedary>5</Dromedary>
          <Alpaca>2.5</Alpaca>
          <Elephant>2</Elephant>
        </carriers>
        <guards>
          <Tribal_Warrior>7</Tribal_Warrior>
          <Tribal_Archer>1</Tribal_Archer>
          <Tribal_Hunter>1</Tribal_Hunter>
          <Tribal_HeavyArcher>1</Tribal_HeavyArcher>
          <Tribal_Berserker>7</Tribal_Berserker>
        </guards>
      </li>
      <li>
        <kindDef>Settlement</kindDef>
        <options>
          <Tribal_Warrior>7</Tribal_Warrior>
          <Tribal_Archer>1</Tribal_Archer>
          <Tribal_Hunter>1</Tribal_Hunter>
          <Tribal_HeavyArcher>1</Tribal_HeavyArcher>
          <Tribal_Berserker>7</Tribal_Berserker>
          <Tribal_ChiefRanged>1</Tribal_ChiefRanged>
          <Tribal_ChiefMelee>3</Tribal_ChiefMelee>
        </options>
      </li>
      <li>
        <kindDef>Settlement_RangedOnly</kindDef>
        <options>
          <Tribal_Archer>10</Tribal_Archer>
          <Tribal_Hunter>10</Tribal_Hunter>
          <Tribal_HeavyArcher>10</Tribal_HeavyArcher>
          <Tribal_ChiefRanged>1</Tribal_ChiefRanged>
          <Tribal_ChiefMelee>10</Tribal_ChiefMelee>
        </options>
      </li>
      <li MayRequire="Ludeon.RimWorld.Ideology">
        <kindDef>Miners</kindDef>
        <commonality>1</commonality>
        <options>
          <Tribal_Miner>1</Tribal_Miner>
        </options>
      </li>
      <li MayRequire="Ludeon.RimWorld.Ideology">
        <kindDef>Hunters</kindDef>
        <commonality>1</commonality>
        <options>
          <Tribal_Hunter>1</Tribal_Hunter>
        </options>
      </li>
      <li MayRequire="Ludeon.RimWorld.Ideology">
        <kindDef>Loggers</kindDef>
        <commonality>1</commonality>
        <options>
          <Tribal_Logger>1</Tribal_Logger>
        </options>
      </li>
      <li MayRequire="Ludeon.RimWorld.Ideology">
        <kindDef>Farmers</kindDef>
        <commonality>1</commonality>
        <options>
          <Tribal_Farmer>1</Tribal_Farmer>
        </options>
      </li>
    </pawnGroupMakers>
  </FactionDef>
</Defs>