<?xml version="1.0" encoding="utf-8" ?>
<Defs>

  <ThoughtDef>
    <defName>AteBabyFood</defName>
    <showBubble>true</showBubble>
    <icon>Things/Mote/ThoughtSymbol/Food</icon>
    <durationDays>1</durationDays>
    <stages>
      <li>
        <label>ate baby food</label>
        <description>I had to eat watery slop made for a child. It's not just tasteless; it's demoralizing.</description>
        <baseMoodEffect>-5</baseMoodEffect>
      </li>
    </stages>
  </ThoughtDef>

</Defs>