<Patch>
	<!-- Core -->
<Operation Class="PatchOperationFindMod">
  <mods>
    <li>Body Size Genes</li>
  </mods>
  <match Class="PatchOperationSequence">
          <operations>
            <li Class="PatchOperationAdd">
              <xpath>Defs/XenotypeDef[defName="dwarf"]/genes</xpath>
              <value>
                <li>BodySizeSmaller</li>
              </value>
            </li>
            <li Class="PatchOperationAdd">
              <xpath>Defs/XenotypeDef[defName="goblin"]/genes</xpath>
              <value>
                <li>BodySizeSmaller</li>
              </value>
            </li>
            <li Class="PatchOperationAdd">
              <xpath>Defs/XenotypeDef[defName="halfling"]/genes</xpath>
              <value>
                <li>BodySizeSmaller</li>
              </value>
            </li>
            <li Class="PatchOperationAdd">
              <xpath>Defs/XenotypeDef[defName="elf"]/genes</xpath>
              <value>
                <li>BodySizeBigger</li>
              </value>
            </li>
            <li Class="PatchOperationAdd">
              <xpath>Defs/XenotypeDef[defName="nightelf"]/genes</xpath>
              <value>
                <li>BodySizeBigger</li>
              </value>
            </li>
            <li Class="PatchOperationAdd">
              <xpath>Defs/XenotypeDef[defName="orc"]/genes</xpath>
              <value>
                <li>BodySizeBigger</li>
              </value>
            </li>
            <li Class="PatchOperationAdd">
              <xpath>Defs/XenotypeDef[defName="troll"]/genes</xpath>
              <value>
                <li>BodySizeBiggest</li>
              </value>
            </li>
          </operations>
        </match>
</Operation>

<Operation Class="PatchOperationFindMod">
  <mods>
    <li>Blood Color Genes</li>
  </mods>
  <match Class="PatchOperationSequence">
          <operations>
            <li Class="PatchOperationAdd">
              <xpath>Defs/XenotypeDef[defName="goblin"]/genes</xpath>
              <value>
                <li>BloodGreen</li>
              </value>
            </li>
            <li Class="PatchOperationAdd">
              <xpath>Defs/XenotypeDef[defName="nightelf"]/genes</xpath>
              <value>
                <li>BloodPurple</li>
              </value>
            </li>
            <li Class="PatchOperationAdd">
              <xpath>Defs/XenotypeDef[defName="orc"]/genes</xpath>
              <value>
                <li>BloodGreen</li>
              </value>
            </li>
            <li Class="PatchOperationAdd">
              <xpath>Defs/XenotypeDef[defName="troll"]/genes</xpath>
              <value>
                <li>BloodGreen</li>
              </value>
            </li>
          </operations>
        </match>
</Operation>
</Patch>