<?xml version="1.0" encoding="utf-8" ?>
<Defs>

  <ThingDef ParentName="UnfinishedBase">
    <defName>UnfinishedSubcore</defName>
    <label>unfinished subcore</label>
    <description>An unfinished mechanoid subcore.</description>
    <statBases>
      <Flammability>0.5</Flammability>
    </statBases>
    <graphicData>
      <texPath>Things/Item/Unfinished/UnfinishedBasicSubcore</texPath>
      <graphicClass>Graphic_Single</graphicClass>
    </graphicData>
    <stuffCategories Inherit="false" />
  </ThingDef>

</Defs>