<?xml version="1.0" encoding="utf-8"?>

<!-- adding new xenos to existing factions -->
<Patch>
	
	<Operation Class="PatchOperationAdd">
		<xpath>Defs/FactionDef[@Name="OutlanderFactionBase" or @Name="TribeBase" or @Name="AncientsBase" or @Name="PirateBandBase"]/xenotypeSet/xenotypeChances</xpath>
		<value>
			<elf_wood>0.02</elf_wood>
            <elf_dark>0.02</elf_dark>
            <dwarf_hill>0.02</dwarf_hill>
            <dwarf_mountain>0.02</dwarf_mountain>
            <orc_brutal>0.02</orc_brutal>
            <warforged>0.02</warforged>
            <tabaxi>0.02</tabaxi>           
            <loxodon>0.02</loxodon>
            <shifter>0.02</shifter>
            <dragonborn>0.02</dragonborn>
            <troll>0.02</troll>
            <halfling>0.02</halfling>
            <goblin>0.02</goblin>
            <undead>0.02</undead>
		</value>
	</Operation>  
		
			
</Patch>
