<?xml version="1.0" encoding="utf-8"?>
<Patch>
	<Operation Class="PatchOperationFindMod">
		<mods>
			<li>Fantasy Of The Rim</li>
		</mods>
		<match Class="PatchOperationSequence">
			<success>Normal</success>
			<operations>	
				
<!-- remove Fantasy of the Rim version of xenotypes that I have reworked in the new defs -->
				<li Class="PatchOperationRemove">
					<xpath>Defs/XenotypeDef[defName="elf"]</xpath>
				</li>				
				<li Class="PatchOperationRemove">
					<xpath>Defs/XenotypeDef[defName="nightelf"]</xpath>
				</li>
				<li Class="PatchOperationRemove">
					<xpath>Defs/XenotypeDef[defName="dwarf"]</xpath>
				</li>
				<li Class="PatchOperationRemove">
					<xpath>Defs/XenotypeDef[defName="orc"]</xpath>
				</li>			

				
<!-- add xeno icons to halfling, goblin, undead and troll -->
				<li Class="PatchOperationReplace">
                    			<xpath>Defs/XenotypeDef[defName="halfling"]/iconPath</xpath>
                    			<value>
                        			<iconPath>UI/Icons/Xenotypes/Halfling</iconPath>
					</value>
				</li>
				<li Class="PatchOperationReplace">
                    			<xpath>Defs/XenotypeDef[defName="goblin"]/iconPath</xpath>
                    			<value>
                        			<iconPath>UI/Icons/Xenotypes/Goblin</iconPath>
					</value>
				</li>
				<li Class="PatchOperationReplace">
                    			<xpath>Defs/XenotypeDef[defName="undead"]/iconPath</xpath>
                    			<value>
                        			<iconPath>UI/Icons/Xenotypes/Undead</iconPath>
					</value>
				</li>
				<li Class="PatchOperationReplace">
                    			<xpath>Defs/XenotypeDef[defName="troll"]/iconPath</xpath>
                    			<value>
                        			<iconPath>UI/Icons/Xenotypes/Troll</iconPath>
					</value>
				</li>
				
<!-- new undead textures and remove red eyes etc -->
				
			
				<li Class="PatchOperationReplace">
                    			<xpath>Defs/XenotypeDef[defName="undead"]/genes</xpath>
                    			<value>
						<genes>
						<li>Ageless</li>
						<li>ArchiteMetabolism</li>
						<li>Deathless</li>						
						<li>DiseaseFree</li>
						<li>PerfectImmunity</li>
						<li>TotalHealing</li>
						<li>MinTemp_SmallDecrease</li>
						<li>KillThirst</li>
						<li>Neversleep</li>
						<li>Pain_Reduced</li>
						<li>Libido_Low</li>
						<li>Sterile</li>
						<li>Hair_BaldOnly</li>
						<li>Beard_NoBeardOnly</li>
						<li>Body_Standard</li>
						<li>Body_Thin</li>
						<li>Skin_SheerWhite</li>
						<li>RobustDigestion</li>
						<li>DarkVision</li>
						<li>Instability_Mild</li>
						<li>Unstoppable</li>
						<li>Skin_SlateGray</li>
						<li>Skin_LightGray</li>
						<li>Hair_SnowWhite</li>
						</genes>
					</value>
				</li>
					<li Class="PatchOperationAdd">
                    			<xpath>Defs/XenotypeDef[defName="undead"]/genes</xpath>
                    			<value>
						<li>5X_UndeadBody</li>
					</value>
				</li>
				<li Class="PatchOperationAdd">
                    			<xpath>Defs/XenotypeDef[defName="undead"]/genes</xpath>
                    			<value>
						<li>5X_UndeadHead</li>
					</value>
				</li>
				
				
<!-- Patch Fantasy of the Rim Scenarios -->
<!-- Wood Elf -->
				<li Class="PatchOperationReplace">
                    			<xpath>Defs/ScenarioDef[defName="elfScene"]/scenario</xpath>
                    			<value>
                        			<scenario>
							<name>Wood Elf Enclave</name>
							<summary>Start as a new wood elf colony.</summary>
							<description>You have received news that your rivals the Dark Elves have been mobilizing their forces and intend to return to the surface world. You have been tasked by the Queen of all Elves to colonize a new location that will serve to fortify the Wood Elf territories.</description>
							<playerFaction>
								<def>PlayerFaction</def>
								<factionDef>PlayerTribe</factionDef>
							</playerFaction>
							<parts>
								<li Class="ScenPart_ConfigPage_ConfigureStartingPawns_Xenotypes">
									<def>ConfigurePawnsXenotypes</def>
									<pawnChoiceCount>8</pawnChoiceCount>
									<xenotypeCounts>
										<li>
											<count>3</count>
											<requiredAtStart>True</requiredAtStart>
											<xenotype>elf_wood</xenotype>
											<allowedDevelopmentalStages>Baby, Child, Adult</allowedDevelopmentalStages>
										</li>
									</xenotypeCounts>
								</li>
								<li Class="ScenPart_PlayerPawnsArriveMethod">
									<def>PlayerPawnsArriveMethod</def>
								</li>
								<li Class="ScenPart_StartingThing_Defined">
									<def>StartingThing_Defined</def>
									<thingDef>Silver</thingDef>
									<count>800</count>
								</li>
								<li Class="ScenPart_StartingThing_Defined">
									<def>StartingThing_Defined</def>
									<thingDef>MealSurvivalPack</thingDef>
									<count>50</count>
								</li>
								<li Class="ScenPart_StartingThing_Defined">
									<def>StartingThing_Defined</def>
									<thingDef>MedicineHerbal</thingDef>
									<count>30</count>
								</li>							
								<li Class="ScenPart_StartingThing_Defined">
									<def>StartingThing_Defined</def>
									<thingDef>Bow_Recurve</thingDef>
								</li>
								<li Class="ScenPart_StartingThing_Defined">
									<def>StartingThing_Defined</def>
									<thingDef>MeleeWeapon_Knife</thingDef>
									<stuff>Plasteel</stuff>
								</li>
								<li Class="ScenPart_ScatterThingsNearPlayerStart">
									<def>ScatterThingsNearPlayerStart</def>
									<thingDef>Steel</thingDef>
									<count>450</count>
									<allowRoofed>True</allowRoofed>
								</li>
								<li Class="ScenPart_ScatterThingsNearPlayerStart">
									<def>ScatterThingsNearPlayerStart</def>
									<thingDef>WoodLog</thingDef>
									<count>300</count>
									<allowRoofed>True</allowRoofed>
								</li>								
								<li Class="ScenPart_ScatterThingsAnywhere">
									<def>ScatterThingsAnywhere</def>
									<thingDef>Steel</thingDef>
									<count>720</count>
									<allowRoofed>True</allowRoofed>
								</li>
								<li Class="ScenPart_ScatterThingsAnywhere">
									<def>ScatterThingsAnywhere</def>
									<thingDef>MealSurvivalPack</thingDef>
									<count>7</count>
									<allowRoofed>True</allowRoofed>
								</li>
								<li Class="VFECore.ScenPart_ForcedFactionGoodwill">
									<factionDef>TribeElf</factionDef>
									<affectStartingGoodwill>True</affectStartingGoodwill>
									<startingGoodwillRange>100~100</startingGoodwillRange>
									<affectNaturalGoodwill>True</affectNaturalGoodwill>
									<naturalGoodwillRange>-50~50</naturalGoodwillRange>
									<def>VFEC_ForcedFactionGoodwill</def>
								</li>
							</parts>
						</scenario>
                   	</value>				
				</li>
				
<!-- Dark Elf -->
				<li Class="PatchOperationReplace">
					<xpath>Defs/ScenarioDef[defName="nightelfScene"]/scenario</xpath>
                    	<value>		
							<scenario>
								<name>Dark Elf Consortium</name>
								<summary>Start as a new dark elf colony.</summary>
								<description>You have been tasked by the Queen of all Dark Elves to come out of the shadows a colonize a new land that will become the Dark Elves' seat of power in the surface world.</description>
								<playerFaction>
									<def>PlayerFaction</def>
									<factionDef>PlayerTribe</factionDef>
								</playerFaction>
							
								<parts>
									<li Class="ScenPart_ConfigPage_ConfigureStartingPawns_Xenotypes">
										<def>ConfigurePawnsXenotypes</def>
										<pawnChoiceCount>8</pawnChoiceCount>
										<xenotypeCounts>
											<li>
												<count>3</count>
												<requiredAtStart>True</requiredAtStart>
												<xenotype>elf_dark</xenotype>
												<allowedDevelopmentalStages>Baby, Child, Adult</allowedDevelopmentalStages>
											</li>
										</xenotypeCounts>
									</li>
									<li Class="ScenPart_PlayerPawnsArriveMethod">
										<def>PlayerPawnsArriveMethod</def>
									</li>
									<li Class="ScenPart_StartingThing_Defined">
										<def>StartingThing_Defined</def>
										<thingDef>Silver</thingDef>
										<count>800</count>
									</li>
									<li Class="ScenPart_StartingThing_Defined">
										<def>StartingThing_Defined</def>
										<thingDef>MealSurvivalPack</thingDef>
										<count>50</count>
									</li>
									<li Class="ScenPart_StartingThing_Defined">
										<def>StartingThing_Defined</def>
										<thingDef>MedicineHerbal</thingDef>
										<count>30</count>
									</li>			
									<li Class="ScenPart_StartingThing_Defined">
										<def>StartingThing_Defined</def>
										<thingDef>Bow_Recurve</thingDef>
									</li>
									<li Class="ScenPart_StartingThing_Defined">
										<def>StartingThing_Defined</def>
										<thingDef>MeleeWeapon_Knife</thingDef>
										<stuff>Plasteel</stuff>
									</li>
									<li Class="ScenPart_ScatterThingsNearPlayerStart">
										<def>ScatterThingsNearPlayerStart</def>
										<thingDef>Steel</thingDef>
										<count>450</count>
										<allowRoofed>True</allowRoofed>
									</li>
									<li Class="ScenPart_ScatterThingsNearPlayerStart">
										<def>ScatterThingsNearPlayerStart</def>
										<thingDef>WoodLog</thingDef>
										<count>300</count>
										<allowRoofed>True</allowRoofed>
									</li>
									<li Class="ScenPart_ScatterThingsAnywhere">
										<def>ScatterThingsAnywhere</def>
										<thingDef>Steel</thingDef>
										<count>720</count>
										<allowRoofed>True</allowRoofed>
									</li>
									<li Class="ScenPart_ScatterThingsAnywhere">
										<def>ScatterThingsAnywhere</def>
										<thingDef>MealSurvivalPack</thingDef>
										<count>7</count>
										<allowRoofed>True</allowRoofed>
									</li>
									<li Class="VFECore.ScenPart_ForcedFactionGoodwill">
										<factionDef>TribeNightElf</factionDef>
										<affectStartingGoodwill>True</affectStartingGoodwill>
										<startingGoodwillRange>100~100</startingGoodwillRange>
										<affectNaturalGoodwill>True</affectNaturalGoodwill>
										<naturalGoodwillRange>-50~50</naturalGoodwillRange>
										<def>VFEC_ForcedFactionGoodwill</def>
									</li>
								</parts>
							</scenario>
						</value>				
					</li>
				
<!-- Mountain Dwarf -->
					<li Class="PatchOperationReplace">
 						<xpath>Defs/ScenarioDef[defName="dwarfScene"]/scenario</xpath>
                    		<value>	
								<scenario>
									<name>Mountain Dwarf Mining Operation</name>
									<summary>Start as a new Mountain Dwarf colony.</summary>
									<description>You have been tasked by the Queen of all Mountain Dwarves to create a new mining operation in a virgin mountain.</description>
									<playerFaction>
										<def>PlayerFaction</def>
										<factionDef>PlayerTribe</factionDef>
									</playerFaction>
									<parts>
										<li Class="ScenPart_ConfigPage_ConfigureStartingPawns_Xenotypes">
											<def>ConfigurePawnsXenotypes</def>
											<pawnChoiceCount>8</pawnChoiceCount>
											<xenotypeCounts>
												<li>
													<count>3</count>
													<requiredAtStart>True</requiredAtStart>
													<xenotype>dwarf_mountain</xenotype>
													<allowedDevelopmentalStages>Baby, Child, Adult</allowedDevelopmentalStages>
												</li>
											</xenotypeCounts>
										</li>
										<li Class="ScenPart_PlayerPawnsArriveMethod">
											<def>PlayerPawnsArriveMethod</def>
										</li>
										<li Class="ScenPart_StartingThing_Defined">
											<def>StartingThing_Defined</def>
											<thingDef>Silver</thingDef>
											<count>800</count>
										</li>
										<li Class="ScenPart_StartingThing_Defined">
											<def>StartingThing_Defined</def>
											<thingDef>MealSurvivalPack</thingDef>
											<count>50</count>
										</li>
										<li Class="ScenPart_StartingThing_Defined">
											<def>StartingThing_Defined</def>
											<thingDef>MedicineHerbal</thingDef>
											<count>30</count>
										</li>										
										<li Class="ScenPart_StartingThing_Defined">
											<def>StartingThing_Defined</def>
											<thingDef>Bow_Recurve</thingDef>
										</li>
										<li Class="ScenPart_StartingThing_Defined">
											<def>StartingThing_Defined</def>
											<thingDef>MeleeWeapon_Knife</thingDef>
											<stuff>Plasteel</stuff>
										</li>
										<li Class="ScenPart_ScatterThingsNearPlayerStart">
											<def>ScatterThingsNearPlayerStart</def>
											<thingDef>Steel</thingDef>
											<count>450</count>
											<allowRoofed>True</allowRoofed>
										</li>
										<li Class="ScenPart_ScatterThingsNearPlayerStart">
											<def>ScatterThingsNearPlayerStart</def>
											<thingDef>WoodLog</thingDef>
											<count>300</count>
											<allowRoofed>True</allowRoofed>
										</li>										
										<li Class="ScenPart_ScatterThingsAnywhere">
											<def>ScatterThingsAnywhere</def>
											<thingDef>Steel</thingDef>
											<count>720</count>
											<allowRoofed>True</allowRoofed>
										</li>
										<li Class="ScenPart_ScatterThingsAnywhere">
											<def>ScatterThingsAnywhere</def>
											<thingDef>MealSurvivalPack</thingDef>
											<count>7</count>
											<allowRoofed>True</allowRoofed>
										</li>
										<li Class="VFECore.ScenPart_ForcedFactionGoodwill">
											<factionDef>TribeDwarf</factionDef>
											<affectStartingGoodwill>True</affectStartingGoodwill>
											<startingGoodwillRange>100~100</startingGoodwillRange>
											<affectNaturalGoodwill>True</affectNaturalGoodwill>
											<naturalGoodwillRange>-50~50</naturalGoodwillRange>
											<def>VFEC_ForcedFactionGoodwill</def>
										</li>
									</parts>
								</scenario>
							</value>				
						</li>
				
<!-- Orc -->		
						<li Class="PatchOperationReplace">
                    		<xpath>Defs/ScenarioDef[defName="orcScene"]/scenario</xpath>
								<value>	
									<scenario>
										<name>Orc Stronghold</name>
										<summary>Start as a new Orc Stronghold.</summary>
										<description>You have been tasked by the King of all orcs to colonize a new location, which will serve as his Stronghold. You will crush all who oppose him.</description>
										<playerFaction>
											<def>PlayerFaction</def>
											<factionDef>PlayerTribe</factionDef>
										</playerFaction>
									<parts>
										<li Class="ScenPart_ConfigPage_ConfigureStartingPawns_Xenotypes">
											<def>ConfigurePawnsXenotypes</def>
											<pawnChoiceCount>8</pawnChoiceCount>
											<xenotypeCounts>
												<li>
													<count>3</count>
													<requiredAtStart>True</requiredAtStart>
													<xenotype>orc_brutal</xenotype>
													<allowedDevelopmentalStages>Baby, Child, Adult</allowedDevelopmentalStages>
												</li>
											</xenotypeCounts>
										</li>
										<li Class="ScenPart_PlayerPawnsArriveMethod">
											<def>PlayerPawnsArriveMethod</def>
										</li>
										<li Class="ScenPart_StartingThing_Defined">
											<def>StartingThing_Defined</def>
											<thingDef>Silver</thingDef>
											<count>800</count>
										</li>
										<li Class="ScenPart_StartingThing_Defined">
											<def>StartingThing_Defined</def>
											<thingDef>MealSurvivalPack</thingDef>
											<count>50</count>
										</li>
										<li Class="ScenPart_StartingThing_Defined">
											<def>StartingThing_Defined</def>
											<thingDef>MedicineHerbal</thingDef>
											<count>30</count>
										</li>										
										<li Class="ScenPart_StartingThing_Defined">
											<def>StartingThing_Defined</def>
											<thingDef>Bow_Recurve</thingDef>
										</li>
										<li Class="ScenPart_StartingThing_Defined">
											<def>StartingThing_Defined</def>
											<thingDef>MeleeWeapon_Knife</thingDef>
											<stuff>Plasteel</stuff>
										</li>
										<li Class="ScenPart_ScatterThingsNearPlayerStart">
											<def>ScatterThingsNearPlayerStart</def>
											<thingDef>Steel</thingDef>
											<count>450</count>
											<allowRoofed>True</allowRoofed>
										</li>
										<li Class="ScenPart_ScatterThingsNearPlayerStart">
											<def>ScatterThingsNearPlayerStart</def>
											<thingDef>WoodLog</thingDef>
											<count>300</count>
											<allowRoofed>True</allowRoofed>
										</li>										
										<li Class="ScenPart_ScatterThingsAnywhere">
											<def>ScatterThingsAnywhere</def>
											<thingDef>Steel</thingDef>
											<count>720</count>
											<allowRoofed>True</allowRoofed>
										</li>
										<li Class="ScenPart_ScatterThingsAnywhere">
											<def>ScatterThingsAnywhere</def>
											<thingDef>MealSurvivalPack</thingDef>
											<count>7</count>
											<allowRoofed>True</allowRoofed>
										</li>
										<li Class="VFECore.ScenPart_ForcedFactionGoodwill">
											<factionDef>TribeOrcSavage</factionDef>
											<affectStartingGoodwill>True</affectStartingGoodwill>
											<startingGoodwillRange>100~100</startingGoodwillRange>
											<affectNaturalGoodwill>True</affectNaturalGoodwill>
											<naturalGoodwillRange>-50~50</naturalGoodwillRange>
											<def>VFEC_ForcedFactionGoodwill</def>
										</li>
									</parts>
								</scenario>						
							</value>				
						</li>
				
<!-- Patch Fantasy of the Rim Factions -->
<!-- Wood Elf Enclave -->
				<li Class="PatchOperationReplace">
                    			<xpath>Defs/FactionDef[defName="TribeElf"]/description</xpath>
                    			<value>
                        			<description>Wood Elves are a subrace of Elf that prefer to live out their lives in nature's embrace. Generations ago they banished their Lolth-worshipping brethren, the Dark Elves, from the surface world. They have been at odds ever since.</description>
                   			</value>
				</li>
				<li Class="PatchOperationReplace">
                    			<xpath>Defs/FactionDef[defName="TribeElf"]/xenotypeSet</xpath>
                    			<value>
						<xenotypeSet Inherit="False">
							<xenotypeChances>
								 <elf_wood>999</elf_wood>
							</xenotypeChances>
							<warnIfTotalAbove1>false</warnIfTotalAbove1>
						</xenotypeSet>                        			 
                   			</value>
				</li>
				<li Class="PatchOperationReplace">
                    			<xpath>Defs/FactionDef[defName="TribeElf"]/label</xpath>
                    			<value>
						<label>Wood Elf Enclave</label>                  			 
                   			</value>
				</li>
								
<!-- Dark Elf Consortium-->
				<li Class="PatchOperationReplace">
                    			<xpath>Defs/FactionDef[defName="TribeNightElf"]/description</xpath>
                    			<value>
                        			<description>Dark Elves are a subrace of Elf that worship the evil and corrupt goddess Lolth. Generations ago they were banished from the surface world by their nature-loving brethren, the Wood Elves. They have been at odds ever since.</description>
                   			</value>
				</li>
				<li Class="PatchOperationReplace">
                    			<xpath>Defs/FactionDef[defName="TribeNightElf"]/xenotypeSet</xpath>
                    			<value>
						<xenotypeSet Inherit="False">
							<xenotypeChances>
								 <elf_dark>999</elf_dark>
							</xenotypeChances>
							<warnIfTotalAbove1>false</warnIfTotalAbove1>
						</xenotypeSet>                        			 
                   			</value>
				</li>
				<li Class="PatchOperationReplace">
                    			<xpath>Defs/FactionDef[defName="TribeNightElf"]/label</xpath>
                    			<value>
						<label>Night Elf Consortium</label>                  			 
                   			</value>
				</li>

<!-- Mountain Dwarf Mining Operation -->				
				<li Class="PatchOperationReplace">
                    			<xpath>Defs/FactionDef[defName="TribeDwarf"]/description</xpath>
                    			<value>
                        			<description>Mountain Dwarves are a breed of dwarves at home in the high peaks and rarified air of the rocky mountains. In many ways similar to their lowland cousins, mountain dwarves are slightly more reclusive and tend to focus on mining, forging, and crafting a bit more strongly -- their closeness to the dwarven deity Moradin is said to be a cause of this. It is said that a mountain dwarf is born in armor, but this is likely just a mild exaggeration.</description>
                   			</value>
				</li>
				<li Class="PatchOperationReplace">
                    			<xpath>Defs/FactionDef[defName="TribeDwarf"]/xenotypeSet</xpath>
                    			<value>
						<xenotypeSet Inherit="False">
							<xenotypeChances>
								 <dwarf_mountain>999</dwarf_mountain>
							</xenotypeChances>
							<warnIfTotalAbove1>false</warnIfTotalAbove1>
						</xenotypeSet>                        			 
                   			</value>
				</li>
				<li Class="PatchOperationReplace">
                    			<xpath>Defs/FactionDef[defName="TribeDwarf"]/label</xpath>
                    			<value>
						<label>Mountain Dwarf Mining Operation</label>                  			 
                   			</value>
				</li>
				
<!-- Savage Orc Tribe --> <!-- Reworked in Defs -->
				<li Class="PatchOperationRemove">
                    			<xpath>Defs/FactionDef[defName="TribeOrc"]</xpath>
				</li>
			</operations>
   		 </match>
	</Operation>
</Patch>
