<?xml version="1.0" encoding="utf-8"?>
<Patch>
  
<!-- remove Stoneborn xenotype and faction -->	
	
	<Operation Class="VFECore.PatchOperationToggableSequence">
    	<enabled>True</enabled>
    	<mods>
      		<li>Det's Xenotypes - Stoneborn</li>
    	</mods>
    	<label>Remove Stoneborn Xenotype</label>
   	<operations>
	
				<li Class="PatchOperationRemove">
          				<xpath>Defs/FactionDef[defName="OutlanderRoughStoneborn"]</xpath>
        			</li>				
				<li Class="PatchOperationReplace">
				<xpath>Defs/FactionDef[@Name="OutlanderFactionBase"]/xenotypeSet/xenotypeChances/Stoneborn</xpath>
					<value>
						<!-- <Stoneborn>0.00</Stoneborn> -->
					</value>
				</li>
				<li Class="PatchOperationReplace">
				<xpath>Defs/FactionDef[defName="Pirate"]/xenotypeSet/xenotypeChances/Stoneborn</xpath>
					<value>
						<!-- <Stoneborn>0.00</Stoneborn> -->
					</value>
        			</li>
				<li Class="PatchOperationRemove">
          				<xpath>Defs/XenotypeDef[defName="Stoneborn"]</xpath>
				</li>
			</operations>
   		
	</Operation>
</Patch>
