<?xml version="1.0" encoding="utf-8"?>
<Patch>
	<Operation Class="PatchOperationFindMod">
		<mods>
			<li>ↁ Elves</li>
		</mods>
		<match Class="PatchOperationSequence">
			<success>Normal</success>
			<operations>	
				
<!-- remove Wood Elf Xenotype if Elves mod is installed -->
				<li Class="PatchOperationReplace">
					<xpath>Defs/FactionDef[@Name="OutlanderFactionBase" or @Name="TribeBase" or @Name="AncientsBase" or @Name="PirateBandBase"]/xenotypeSet/xenotypeChances/elf_wood</xpath>
					<value>
						<DevDesigner_XenotypeWoodElves>0.02</DevDesigner_XenotypeWoodElves>
					</value>
				</li>
				<li Class="PatchOperationReplace">
					<xpath>Defs/FactionDef[defName="Empire"]/xenotypeSet/xenotypeChances/elf_wood</xpath>
					<value>
						<DevDesigner_XenotypeWoodElves>0.02</DevDesigner_XenotypeWoodElves>
					</value>
				</li>
				<li Class="PatchOperationReplace">
					<xpath>Defs/FactionDef[defName="OutlanderRefugee"]/xenotypeSet/xenotypeChances/elf_wood</xpath>
					<value>
						<DevDesigner_XenotypeWoodElves>0.02</DevDesigner_XenotypeWoodElves>
					</value>
				</li>
				<li Class="PatchOperationReplace">
					<xpath>Defs/FactionDef[defName="Beggars" or "CannibalPirate" or "NudistTribe" or "Pilgrims" or "TribeCannibal"]/xenotypeSet/xenotypeChances/elf_wood</xpath>
					<value>
						<DevDesigner_XenotypeWoodElves>0.02</DevDesigner_XenotypeWoodElves>
					</value>
				</li>
				<li Class="PatchOperationRemove">
					<xpath>Defs/XenotypeDef[defName="elf_wood"]</xpath>
				</li>
				
<!-- use 5e Xenos descriptions for wood elf -->
				<li Class="PatchOperationReplace">
					<xpath>Defs/XenotypeDef[defName="DevDesigner_XenotypeWoodElves"]/description</xpath>
						<value>
							<description>The Wood Elves are a reclusive, secretive and highly isolationist subrace of Elves that long ago voluntarily split off from the rest of their kin, preferring instead to live out their lives in nature's embrace beneath the enchanted forested canopy of the great woodland.</description>
						</value>
				</li>
				<li Class="PatchOperationReplace">
					<xpath>Defs/XenotypeDef[defName="DevDesigner_XenotypeWoodElves"]/descriptionShort</xpath>
						<value>
							<descriptionShort>Wood Elves are a subrace of Elf that prefer to live out their lives in nature's embrace.</descriptionShort>
						</value>
				</li>
				
<!-- add some genes to wood elf -->
				<li Class="PatchOperationAdd">
					<xpath>Defs/XenotypeDef[defName="DevDesigner_XenotypeWoodElves"]/genes</xpath>
						<value>
							<li>ElongatedFingers</li>
							<li>Delicate</li>
							<li>Fertile</li>
							<li>Libido_Low</li>
							<li>LowSleep</li>
							
							<li>MeleeDamage_Weak</li>
							<li>AptitudeTerrible_Melee</li>
							<li>AptitudeRemarkable_Animals</li>
						</value>
				</li>
				
<!-- make drow use dryad icon -->
				<li Class="PatchOperationReplace">
					<xpath>Defs/XenotypeDef[defName="elf_dark"]/iconPath</xpath>
						<value>
							<iconPath>UI/XenotypeDryad</iconPath>
						</value>
				</li>
				
<!-- changes to wood elf scenario -->
				<li Class="PatchOperationReplace">
                    			<xpath>Defs/ScenarioDef[defName="BaseWoodElvesScenario"]/label</xpath>
                    			<value>
						<label>Wood Elf Enclave</label>
					</value>
				</li>
				<li Class="PatchOperationReplace">
					<xpath>Defs/ScenarioDef[defName="BaseWoodElvesScenario"]/scenario/summary</xpath>
                    			<value>
						<summary>Start as a new wood elf colony.</summary>
					</value>
				</li>
				<li Class="PatchOperationReplace">
					<xpath>Defs/ScenarioDef[defName="BaseWoodElvesScenario"]/description</xpath>
                    			<value>
						<description>You have received news that your rivals the Dark Elves have been mobilizing their forces and intend to return to the surface world. You have been tasked by the Queen of all Elves to colonize a new location that will serve to fortify the Wood Elf territories.</description>
					</value>
				</li>		
				
<!-- changes to wood elf faction -->
				<li Class="PatchOperationReplace">
                    			<xpath>Defs/FactionDef[defName="DevDesigner_WoodElvesFaction"]/label</xpath>
                    			<value>
						<label>Wood Elf Enclave</label>
					</value>
				</li>
				<li Class="PatchOperationReplace">
                    			<xpath>Defs/FactionDef[defName="DevDesigner_WoodElvesFaction"]/description</xpath>
                    			<value>
						<description>Wood Elves are a subrace of Elf that prefer to live out their lives in nature's embrace. Generations ago they banished their Lolth-worshipping brethren, the Dark Elves, from the surface world. They have been at odds ever since.</description>
					</value>
				</li>
				<li Class="PatchOperationReplace">
                    			<xpath>Defs/FactionDef[defName="DevDesigner_WoodElvesFaction_Player"]/label</xpath>
                    			<value>
						<label>Wood Elf Enclave</label>
					</value>
				</li>
				<li Class="PatchOperationReplace">
                    			<xpath>Defs/FactionDef[defName="DevDesigner_WoodElvesFaction_Player"]/description</xpath>
                    			<value>
						<description>Wood Elves are a subrace of Elf that prefer to live out their lives in nature's embrace. Generations ago they banished their Lolth-worshipping brethren, the Dark Elves, from the surface world. They have been at odds ever since.</description>
					</value>
				</li>		
        		</operations>
   		 </match>
	</Operation>
</Patch>
