<?xml version="1.0" encoding="utf-8" ?>
<Defs>

  <XenotypeDef>
    <defName>elf</defName>
    <label>Elf</label>
    <description>The elves were once thought of just as fairy tales and story's to tell. Things changed drastically as these woodland elves emerged from the forests dedicated to protecting the woodlands. Furthermore, the elves have gone to war with their offspring the night elves.</description>
    <descriptionShort>These woodland elves emerged from the forests dedicated to protecting the woodlands.</descriptionShort>
    <iconPath>UI/Icons/Xenotypes/Baseliner</iconPath>
    <inheritable>true</inheritable>
    <genes>
			<li>Ageless</li>
			<li>ArchiteMetabolism</li>
			<li>DiseaseFree</li>
			<li>AnimalWarcall</li>
			<li>MeleeDamage_Weak</li>
			<li>KindInstinct</li>
			<li>Fertile</li>
			<li>Beauty_Beautiful</li>
			<li>Hair_LongOnly</li>
			<li>Ears_Pointed</li>
			<li>Body_Standard</li>
			<li>Body_Thin</li>
			<li>AptitudeTerrible_Melee</li>
			<li>AptitudeRemarkable_Animals</li>
    </genes>
  </XenotypeDef>

  <XenotypeDef>
    <defName>nightelf</defName>
    <label>Night Elf</label>
    <description>Descendants of the elves these purple beings were once a powerful and mystical race. When the elves descended from the forests the night elves slowly followed them attempting to subject and destroy their archenemies the elves from the inside.</description>
    <descriptionShort>Descendants of the elves these purple beings were once a powerful and mystical race.</descriptionShort>
    <iconPath>UI/Icons/Xenotypes/Baseliner</iconPath>
    <inheritable>true</inheritable>
    <genes>
			<li>Ageless</li>
			<li>ArchiteMetabolism</li>
			<li>DiseaseFree</li>
			<li>AnimalWarcall</li>
			<li>Mood_Pessimist</li>
			<li>MaxTemp_SmallDecrease</li>
			<li>KindInstinct</li>
			<li>Fertile</li>
			<li>Beauty_Beautiful</li>
			<li>Eyes_Gray</li>
			<li>Hair_LongOnly</li>
			<li>Ears_Pointed</li>
			<li>Body_Standard</li>
			<li>Body_Thin</li>
			<li>Skin_Purple</li>
			<li>DarkVision</li>
			<li>AptitudeRemarkable_Plants</li>
    </genes>
  </XenotypeDef>

  <XenotypeDef>
    <defName>dwarf</defName>
    <label>Dwarf</label>
    <description>Not much is known of the dwarves many say that the appearance of the elves forced them out of hiding. The dwarves typically stay in their mountain homes drinking the night away. But be warned these creatures are incredibly brutal and if made an enemy they will strike.</description>
    <descriptionShort>The dwarves typically stay in their mountain homes drinking the night away.</descriptionShort>
    <iconPath>UI/Icons/Xenotypes/Baseliner</iconPath>
    <inheritable>true</inheritable>
    <genes>
			<li>MoveSpeed_Slow</li>
			<li>MinTemp_LargeDecrease</li>
			<li>MeleeDamage_Strong</li>
			<li>Robust</li>
			<li>Beauty_VeryUgly</li>
			<li>Beard_BushyOnly</li>
			<li>Beard_Always</li>
			<li>Body_Standard</li>
			<li>Body_Hulk</li>
			<li>AptitudeRemarkable_Mining</li>
			<li>ChemicalDependency_Alcohol</li>
    </genes>
  </XenotypeDef>

  <XenotypeDef>
    <defName>orc</defName>
    <label>Orc</label>
    <description>Orcs are savage and brutal beasts dedicated to the great Waaagh. Beware these beasts as only one can take on an entire village.</description>
    <descriptionShort>Orcs are savage and brutal beasts</descriptionShort>
    <iconPath>UI/Icons/Xenotypes/Baseliner</iconPath>
    <inheritable>true</inheritable>
    <genes>
			<li>MaxTemp_LargeIncrease</li>
			<li>Aggression_HyperAggressive</li>
			<li>MeleeDamage_Strong</li>
			<li>KillThirst</li>
			<li>Robust</li>
			<li>Hair_ShortOnly</li>
			<li>Ears_Pointed</li>
			<li>Jaw_Heavy</li>
			<li>Headbone_MiniHorns</li>
			<li>Body_Standard</li>
			<li>Body_Hulk</li>
			<li>Skin_Green</li>
			<li>AptitudeRemarkable_Melee</li>
			<li>AptitudeTerrible_Social</li>
    </genes>
  </XenotypeDef>
</Defs>