<?xml version="1.0" encoding="utf-8" ?>
<Defs>

  <LifeStageDef ParentName="LifeStageHumanlikeChild">
    <defName>HumanlikePreTeenager</defName>
    <label>preteen</label>
    <bodySizeFactor>0.58</bodySizeFactor>
    <healthScaleFactor>0.7</healthScaleFactor>
    <foodMaxFactor>1.552</foodMaxFactor> <!-- bodySizeFactor * foodMaxFactor = maxFood = 0.9 -->
    <hungerRateFactor>0.9</hungerRateFactor>
    <marketValueFactor>0.95</marketValueFactor>
    <meleeDamageFactor>0.725</meleeDamageFactor>
    <statFactors>
      <MoveSpeed>0.85</MoveSpeed>
    </statFactors>
  </LifeStageDef>

</Defs>