<?xml version="1.0" encoding="utf-8"?>
<ModMetaData>
	<name>5e Xenos Patch</name>
	<author>Joe Daly</author>
	<supportedVersions>
        	<li>1.4</li>
    </supportedVersions>
	<packageId>JoeDaly.5eXenosPatch</packageId>
  
	<loadAfter>
		<li>sarg.alphagenes</li>
		<li>skylar.fantasyoftherim</li>
    	<li>biotexpans.core</li>
    	<li>biotexpans.mammalia</li>
		<li>biotexpans.mythic</li>
		<li>det.stoneborn</li>
	</loadAfter>

	<modDependencies>
		<li>
      		<packageId>sarg.alphagenes</packageId>
      		<displayName>Alpha Genes</displayName>  
		</li>
    	<li>
      		<packageId>skylar.fantasyoftherim</packageId>
      		<displayName>Fantasy Of The Rim</displayName>  
		</li>
		<li>	
			<packageId>biotexpans.core</packageId>
			<displayName>Biotech Expansion - Core</displayName>
		</li>
    	<li>
			<packageId>biotexpans.mammalia</packageId>
			<displayName>Biotech Expansion - Mammalia</displayName>
		</li>
    	<li>
			<packageId>biotexpans.mythic</packageId>
			<displayName>Biotech Expansion - Mythic</displayName>
		</li>
    	<li>
			<packageId>det.stoneborn</packageId>
			<displayName>Det's Xenotypes - Stoneborn</displayName>
		</li>  
	</modDependencies>
	<description>This mod is made up of several patches to bring some xenotypes from existing mods into line with DnD 5e races for my DnD party, the Heroes of Adrion. Credit for the assets and ideas in the mod dependancies go to their authors and artists. Thank you to Sarg Bjornson, Lennoxite, Skylar and DetVisor. Dungeons and Dragons Fifth Edition is the property of Wizards of the Coast and this is simply a fan project. I am making this mod for my personal use but will probably make it available on steam to share with my other party members/interested people. Any requests for additions are welcome as I'd love to expand this but might need help. Skylar is also still adding to Fantasy of the Rim and I plan to support any expansion of his in any way I can.
</description>
</ModMetaData>
