<?xml version="1.0" encoding="utf-8" ?>
<Defs>

  <FurDef>
    <defName>5X_WarforgedBody</defName>
    <noGraphic>true</noGraphic>
    <bodyTypeGraphicPaths>
      <Male>Things/Pawn/Humanlike/Bodies/InfinityBody/Naked_Male</Male>
      <Female>Things/Pawn/Humanlike/Bodies/InfinityBody/Naked_Female</Female>
    </bodyTypeGraphicPaths>
  </FurDef>

  <FurDef>
    <defName>5X_UndeadBody</defName>
    <noGraphic>true</noGraphic>
    <bodyTypeGraphicPaths>
      <Male>Things/Pawn/Humanlike/Bodies/SkeletonBody/Naked_Male</Male>
      <Female>Things/Pawn/Humanlike/Bodies/AG_GauntBody/AG_GauntBody_Female</Female>
      <Thin>Things/Pawn/Humanlike/Bodies/SkeletonBody/Naked_Thin</Thin>
      <Male>Things/Pawn/Humanlike/Bodies/ZombieBody/Naked_Male</Male>
      <Thin>Things/Pawn/Humanlike/Bodies/ZombieBody/Naked_Thin</Thin>
    </bodyTypeGraphicPaths>  
  </FurDef>
  
</Defs>
