<?xml version="1.0" encoding="utf-8" ?>

<Defs>
    <ScenarioDef>
    	<defName>hilldwarfScene</defName>
		<scenario>
			<name>Hill Dwarf Trading Post</name>
			<summary>Start as a new Hill Dwarf Trading Post.</summary>
			<description>You have been tasked by the King of all Hill Dwarves to colonize a new location, which will serve as a hub for trade.</description>
			<playerFaction>
				<def>PlayerFaction</def>
				<factionDef>PlayerTribe</factionDef>
			</playerFaction>
			<parts>
				<li Class="ScenPart_ConfigPage_ConfigureStartingPawns_Xenotypes">
					<def>ConfigurePawnsXenotypes</def>
					<pawnChoiceCount>8</pawnChoiceCount>
					<xenotypeCounts>
						<li>
							<count>3</count>
							<requiredAtStart>True</requiredAtStart>
							<xenotype>dwarf_hill</xenotype>
							<allowedDevelopmentalStages>Baby, Child, Adult</allowedDevelopmentalStages>
						</li>
					</xenotypeCounts>
				</li>
				<li Class="ScenPart_PlayerPawnsArriveMethod">
					<def>PlayerPawnsArriveMethod</def>
				</li>
				<li Class="ScenPart_StartingThing_Defined">
					<def>StartingThing_Defined</def>
					<thingDef>Silver</thingDef>
					<count>800</count>
				</li>
				<li Class="ScenPart_StartingThing_Defined">
					<def>StartingThing_Defined</def>
					<thingDef>MealSurvivalPack</thingDef>
					<count>50</count>
				</li>
				<li Class="ScenPart_StartingThing_Defined">
					<def>StartingThing_Defined</def>
					<thingDef>MedicineHerbal</thingDef>
					<count>30</count>
				</li>				
				<li Class="ScenPart_StartingThing_Defined">
					<def>StartingThing_Defined</def>
					<thingDef>Bow_Recurve</thingDef>
				</li>
				<li Class="ScenPart_StartingThing_Defined">
					<def>StartingThing_Defined</def>
					<thingDef>MeleeWeapon_Knife</thingDef>
					<stuff>Plasteel</stuff>
				</li>
				<li Class="ScenPart_ScatterThingsNearPlayerStart">
					<def>ScatterThingsNearPlayerStart</def>
					<thingDef>Steel</thingDef>
					<count>450</count>
					<allowRoofed>True</allowRoofed>
				</li>
				<li Class="ScenPart_ScatterThingsNearPlayerStart">
					<def>ScatterThingsNearPlayerStart</def>
					<thingDef>WoodLog</thingDef>
					<count>300</count>
					<allowRoofed>True</allowRoofed>
				</li>				
				<li Class="ScenPart_ScatterThingsAnywhere">
					<def>ScatterThingsAnywhere</def>
					<thingDef>Steel</thingDef>
					<count>720</count>
					<allowRoofed>True</allowRoofed>
				</li>
				<li Class="ScenPart_ScatterThingsAnywhere">
					<def>ScatterThingsAnywhere</def>
					<thingDef>MealSurvivalPack</thingDef>
					<count>7</count>
					<allowRoofed>True</allowRoofed>
				</li>
				<li Class="VFECore.ScenPart_ForcedFactionGoodwill">
					<factionDef>TribeHillDwarf</factionDef>
					<affectStartingGoodwill>True</affectStartingGoodwill>
					<startingGoodwillRange>100~100</startingGoodwillRange>
					<affectNaturalGoodwill>True</affectNaturalGoodwill>
					<naturalGoodwillRange>-50~50</naturalGoodwillRange>
					<def>VFEC_ForcedFactionGoodwill</def>
				</li>
			</parts>
		</scenario>
	</ScenarioDef>
</Defs>
