<?xml version="1.0" encoding="utf-8" ?>

<Defs>
<!-- Wood Elf -->
		<XenotypeDef>
    			<defName>elf_wood</defName>
    			<label>Wood Elf</label>
    			<description>The Wood Elves are a reclusive, secretive and highly isolationist subrace of Elves that long ago voluntarily split off from the rest of their kin, preferring instead to live out their lives in nature's embrace beneath the enchanted forested canopy of the great woodland.</description>
			<descriptionShort>Wood Elves are a subrace of Elf that prefer to live out their lives in nature's embrace.</descriptionShort>
   			<iconPath>UI/Icons/Xenotypes/Elf</iconPath>
    			<inheritable>true</inheritable>
			<chanceToUseNameMaker>1</chanceToUseNameMaker>
    			<genes>
				<li>Ears_Pointed</li>
				<li>Body_Standard</li>
				<li>Body_Thin</li>
				<li>Beauty_Beautiful</li>
				<li>Hair_LongOnly</li>
				<li>ElongatedFingers</li>
				<li>Beard_NoBeardOnly</li>
				
				<li>Ageless</li>
				<li>Delicate</li>
				<li>ArchiteMetabolism</li>
				<li>DiseaseFree</li>				
				<li>MeleeDamage_Weak</li>
				<li>KindInstinct</li>
				<li>Fertile</li>
				<li>Libido_Low</li>
				<li>LowSleep</li>
								
				<li>AptitudeTerrible_Melee</li>
				<li>AptitudeRemarkable_Animals</li>
				
				<li>AnimalWarcall</li>				
    			</genes>
  		</XenotypeDef>


<!-- Dark Elf -->
		<XenotypeDef>
			<defName>elf_dark</defName>
			<label>Dark Elf</label>
			<description>Descended from an earlier subrace of dark-skinned elves, the Dark Elves or Drow were banished from the surface world for following the goddess Lolth down the path to evil and corruption. Now they have built their own civilization in the depths of the Underdark, patterned after the Way of Lolth.</description>
			<descriptionShort>Dark Elves are a subrace of Elf long ago banished from the surface world for worship of the evil and corrupt goddess Lolth.</descriptionShort>
			<iconPath>UI/Icons/Xenotypes/Elf</iconPath>
			<inheritable>true</inheritable>
			<chanceToUseNameMaker>1</chanceToUseNameMaker>
			<genes>
				<li>Ears_Pointed</li>
				<li>Body_Standard</li>
				<li>Body_Thin</li>
				<li>Skin_InkBlack</li>				
				<li>Beauty_Beautiful</li>
				<li>Eyes_Gray</li>
				<li>Hair_SnowWhite</li>
				<li>Hair_LongOnly</li>
				<li>ElongatedFingers</li>
				<li>Beard_NoBeardOnly</li>
				
				<li>Ageless</li>
				<li>Delicate</li>
				<li>ArchiteMetabolism</li>
				<li>DiseaseFree</li>
				<li>DarkVision</li>
				<li>Mood_Pessimist</li>
				<li>Fertile</li>
				<li>Libido_Low</li>
				<li>LowSleep</li>
				<li>MeleeDamage_Weak</li>
								
				<li>MaxTemp_SmallDecrease</li>	
				<li>AptitudeRemarkable_Plants</li>			
			 </genes>
		</XenotypeDef>
	
<!-- Hill Dwarf -->
		<XenotypeDef>
			<defName>dwarf_hill</defName>
			<label>Hill Dwarf</label>
			<description>Hill dwarves are an aloof, confident and sometimes proud subrace of Dwarf, known to be particularly stalwart warriors and shrewd traders. Stout, tough individuals, hill dwarves are often less agile than other dwarves. Hill Dwarves are known to keep beards, which are carefully groomed and grown to great lengths.</description>
			<descriptionShort>Hill Dwarves are a lowland subrace of Dwarf known for their robustness, combat prowess, and ability to strike a bargain.</descriptionShort>
			<iconPath>UI/Icons/Xenotypes/Dwarf</iconPath>
			<inheritable>true</inheritable>
			<chanceToUseNameMaker>1</chanceToUseNameMaker>
			<genes>
				<li>BushyEyebrows</li>
				<li>Beard_BushyOnly</li>
				<li>Beard_Always</li>
				<li>Body_Fat</li>
	  			<li>Body_Standard</li>
	  			<li>Body_Hulk</li>
				<li MayRequire="mute.genebodysize">BodySizeSmall</li>
				
				<li>MoveSpeed_Slow</li>
				<li>Robust</li>
	  			<li>Libido_High</li>
	  			<li>WoundHealing_Slow</li>
	  			<li>Immunity_Strong</li>
				
	  			<li>MinTemp_SmallDecrease</li>
	  			<li>MaxTemp_SmallDecrease</li>				
	  			<li>AptitudeStrong_Social</li>
				<li>AptitudePoor_Animals</li>
	  			<li>AptitudePoor_Plants</li>
	  			<li>AptitudeRemarkable_Melee</li>      
			</genes>
		</XenotypeDef>
  
<!-- Mountain Dwarf -->
		<XenotypeDef>
			<defName>dwarf_mountain</defName>
			<label>Mountain Dwarf</label>
			<description>Mountain Dwarves are a breed of dwarves at home in the high peaks and rarified air of the rocky mountains. In many ways similar to their lowland cousins, mountain dwarves are slightly more reclusive and tend to focus on mining, forging, and crafting a bit more strongly -- their closeness to the dwarven deity Moradin is said to be a cause of this. It is said that a mountain dwarf is born in armor, but this is likely just a mild exaggeration.</description>
			<descriptionShort>Mountain Dwarves are a more reclusive subrace of Dwarf focused on mining, forging and crafting.</descriptionShort>
			<iconPath>UI/Icons/Xenotypes/Dwarf</iconPath>
			<inheritable>true</inheritable>
			<chanceToUseNameMaker>1</chanceToUseNameMaker>
			<genes>
				<li>BushyEyebrows</li>
				<li>Beard_BushyOnly</li>
				<li>Beard_Always</li>
				<li>Body_Fat</li>
	  			<li>Body_Standard</li>
	  			<li>Body_Hulk</li>
				<li MayRequire="mute.genebodysize">BodySizeSmall</li>
				
				<li>MoveSpeed_Slow</li>
				<li>PsychicAbility_Deaf</li>
				<li>Robust</li>
	  			<li>Libido_High</li>
	  			<li>WoundHealing_Slow</li>
	  			<li>Immunity_Strong</li>	  			
	  			<li>Nearsighted</li>
				<li>UndergrounderGene</li>
				<li>AG_MiningYield_High</li>
				
				<li>MinTemp_SmallDecrease</li>
	  			<li>MaxTemp_SmallDecrease</li>	  			
	  			<li>AptitudePoor_Social</li>
	  			<li>AptitudeStrong_Mining</li>
	  			<li>AptitudePoor_Animals</li>
	  			<li>AptitudePoor_Plants</li>
	  			<li>AptitudeRemarkable_Crafting</li>
      				
				<li>Stonecall</li>  	
			</genes>
		</XenotypeDef>

<!-- Orc -->
		<XenotypeDef>
			<defName>orc_brutal</defName>
			<label>Orc</label>
			<description>Savage and fearless, Orc tribes are ever in search of elves, dwarves, and humans to destroy. Motivated by their hatred of the civilized races of the world and their need to satisfy the demands of their deities, the orcs know that if they fight well and bring glory to their tribe, Gruumsh will call them home.</description>
			<descriptionShort>Orcs are savage, fearless warriors who seek glory through death and destruction.</descriptionShort>
			<iconPath>UI/Icons/Xenotypes/Orc</iconPath>
			<inheritable>true</inheritable>
			<chanceToUseNameMaker>1</chanceToUseNameMaker>
    			<genes>
				<li>Hair_BaldOnly</li>
				<li>Beard_BushyOnly</li>
				<li>Beard_Always</li>
				<li>Ears_Pointed</li>				
				<li>Headbone_MiniHorns</li>
				<li>Body_Standard</li>
				<li>Body_Hulk</li>
				<li>Skin_Green</li>
				<li>AG_Skin_DeepGreen</li>
				<li>AG_Skin_PlantGreen</li>				
				<li>Brow_Heavy</li>
				<li>FacialRidges</li>
				<li MayRequire="mute.genebodysize">BodySizeBigger</li>
								
				<li>AG_GutturalVoice</li>
				
				<li>MaxTemp_LargeIncrease</li>
				<li>Aggression_HyperAggressive</li>
				<li>MeleeDamage_Strong</li>
				<li>KillThirst</li>
				<li>Robust</li>
				<li>AG_PackMule</li> <!-- increased carrying capacity -->
				
				<li>AptitudeRemarkable_Melee</li>
				<li>AptitudeTerrible_Social</li>
				<li>AptitudeTerrible_Plants</li>
				<li>AptitudeTerrible_Crafting</li>
				<li>Fertile</li>
				<li>Libido_High</li>
			</genes>
		</XenotypeDef>

<!-- Warforged -->
		<XenotypeDef>
			<defName>warforged</defName>
			<label>Warforged</label>
			<description>Warforged are made from wood and metal, but they can feel pain and emotion. Built as weapons, they must now find a purpose beyond the war. A warforged can be a steadfast ally, a cold-hearted killing machine, or a visionary in search of purpose and meaning.</description>
			<descriptionShort>Warforged are fully sentient soldiers built from a blend of organic and inorganic materials.</descriptionShort>
			<iconPath>UI/Icons/Xenotypes/Warforged</iconPath>
			<inheritable>true</inheritable>
			<chanceToUseNameMaker>1</chanceToUseNameMaker>
			<genes>
				<li>5X_WarforgedBody</li>
				<li>5X_WarforgedHead</li>
				<li>Skin_SlateGray</li>
				<li>Hair_BaldOnly</li>				
				<li>Body_Standard</li>
				<li>IntegratedProtection</li> 
				<li>Eyes_Red</li>				
				<li>Beard_NoBeardOnly</li>
				<li MayRequire="mute.genebodysize">BodySizeBig</li>
				
				
				<li>Ageless</li>
				<li>AG_Foodless</li>
				<li>Sterile</li>
				<li>MeleeDamage_Strong</li>
				<li>Robust</li>
				<li>Aggression_DeadCalm</li>
				<li>TotalHealing</li>
				<li>AG_RegenerationMinor</li>
				<li>ImpressionableGene</li>
				<li>AG_ColdSlowness</li>
				<li>AG_PackMule</li> <!-- increased carrying capacity -->
				<li>PsychicAbility_Deaf</li>
									
				<li>AptitudeStrong_Construction</li>
				<li>AptitudeRemarkable_Melee</li>
				<li>AptitudeTerrible_Social</li>
				<li>AptitudeTerrible_Plants</li>
				<li>Neversleep</li>
				<li>Immunity_SuperStrong</li>
				<li>ToxResist_Total</li>
			</genes>
		</XenotypeDef>
	
<!-- Tabaxi -->
		<XenotypeDef>
			<defName>tabaxi</defName>
			<label>Tabaxi</label>
			<description>Hailing from a strange and distant land, wandering tabaxi are catlike humanoids driven by curiosity to collect interesting artifacts, gather tales and stories, and lay eyes on all the world's wonders. Ultimate travelers, the inquisitive tabaxi rarely stay in one place for long. Their innate nature pushes them to leave no secrets uncovered, no treasures or legends lost.</description>
			<descriptionShort>Tabaxi are inquisitive, catlike humanoids known for their curiosity and their restless nature.</descriptionShort>
			<iconPath>UI/Icons/Xenotypes/Tabaxi</iconPath>
			<inheritable>true</inheritable>
			<genes>
				<li>Hair_BaldOnly</li>
				<li>Ears_Cat</li>
				<li>Tail_Furry</li>
				<li>BTEMa_SharpClaws</li>
				<li>Body_Thin</li>
				<li>Furskin</li>
				<li>BTEMa_SensitiveWhiskers</li>
				<!--<li>BTEMa_NoseShort</li>-->			
				<li>Beard_NoBeardOnly</li>
				<li>5X_FelyneWhiskers</li>
											
				<li>Learning_Fast</li><!-- Curious -->
				<li>Fertile</li>
				<li>Libido_High</li>
				<li>DarkVision</li>
				<li>MoveSpeed_Quick</li>
				<li>Immunity_Weak</li>
											
				<li>AptitudeStrong_Animals</li>
				<li>AptitudeStrong_Intellectual</li>
				<li>AptitudeStrong_Cooking</li>
				<li>AptitudePoor_Construction</li>
				<li>AptitudeTerrible_Mining</li>
								
				<li>AnimalWarcall</li>	
			</genes>
		</XenotypeDef>
			
<!-- Loxodon -->
		<XenotypeDef>
			<defName>loxodon</defName>
			<label>Loxodon</label>
			<description>The Loxodon is an elephantine humanoid, bearing the elephant’s distinct trunk, ears, leathery skin, and other cosmetic features. Massive, kind, stubbornly loyal, and only occasionally given to bouts of beating smaller creatures into a pulp. Hailing from Ravnica, Loxodons are often like an ocean of calm. They hum or chant in sonorous tones and move slowly or sit in perfect stillness. As they say, "There are three things all wise men fear: the sea in storm, a night with no moon, and the anger of a gentle man."</description>
			<descriptionShort>Loxodons are elephantine humanoids. They are massive, calm, and stubbornly loyal.</descriptionShort>
			<iconPath>UI/Icons/Xenotypes/Loxodon</iconPath>
			<inheritable>true</inheritable>
			<genes>
				<li>BTEMa_NoseElephant</li>
				<li>BTEMa_ElephantEars</li>
				<li>BTEMa_TailElephant</li>
				<li>Hair_BaldOnly</li>
				<li>Body_Hulk</li>
				<li>NaturalArmor</li>
				<li>Skin_InkBlack</li>
				<li>Skin_SlateGray</li>
				<li>Skin_LightGray</li>				
				<li>Beard_NoBeardOnly</li>
				<li MayRequire="mute.genebodysize">BodySizeBiggest</li>
																
				<li>Libido_Low</li>
				<li>Aggression_DeadCalm</li>
				<li>KindInstinct</li>
				<li>BTEMa_ElephantMemory</li>
				<li>MoveSpeed_Slow</li>
				<li>Sleepy</li>
				<li>Nearsighted</li>
				
				<li>AptitudeStrong_Intellectual</li>
				<li>AptitudeTerrible_Social</li>
				<li>MeleeDamage_Strong</li>
				<li>Robust</li>
				<li>AG_PackMule</li> <!-- increased carrying capacity -->
			</genes>				
		</XenotypeDef>
			
<!-- Shifter -->
		<XenotypeDef>
			<defName>shifter</defName>
			<label>Shifter</label>
			<description>Shifters are sometimes called the weretouched, as many believe that they are the descendants of humans and lycanthropes. They are humanoids with a bestial aspect; while they cannot fully change shape they can temporarily enhance their animalistic features – a state they call shifting. Whatever their origins, shifters have evolved into a unique race. A shifter walks on the knife’s edge between the wilds and the world around them. Do they embrace their primal instincts or the path of civilization?</description>
			<descriptionShort>Many believe shifters are the descendants of humans and lycanthropes. They walk on a knifes edge between the wilds and the world around them.</descriptionShort>
			<iconPath>UI/Icons/Xenotypes/Shifter</iconPath>
			<inheritable>true</inheritable>
			<genes>
				<li>BTEMa_Nose_Lupine</li>
				<li>BTEMa_ElongatedFangs</li>
				<li>BTEMa_SharpClaws</li>				
				<li>Ears_Floppy</li>
	      			<li>BTEMa_VulpineEars</li>
				<li>Tail_Furry</li>
      				<li>BTEMa_Tail_Vulpine</li>
      				<li>Furskin</li>
				<li>Skin_SlateGray</li>
				<li>Skin_InkBlack</li>
				<li>BTEMa_SensitiveWhiskers</li>
				<li>Hair_BaldOnly</li>
				<li>Body_Standard</li>
				<li>Body_Hulk</li>
				<li>AG_EfficientMandibles</li>
				<li>AG_GrowlingVoice</li>
				<li>Beauty_Ugly</li>
				<li>Beard_NoBeardOnly</li>
	
				<li>KillThirst</li>
				<li>Aggression_Aggressive</li>
				<li>StrongStomach</li>
				<li>RobustDigestion</li>				
				<li>MeleeDamage_Strong</li>
				<li>Fertile</li>
				<li>Libido_High</li>
				<li>DarkVision</li>
				<li>MoveSpeed_Quick</li>
				
				<li>AptitudeRemarkable_Animals</li>
				<li>AptitudeStrong_Animals</li>
      				<li>AptitudeTerrible_Artistic</li>
				<li>AptitudePoor_Construction</li>
				
				<li>AnimalWarcall</li>		
			</genes>
		</XenotypeDef>
			
<!-- Dragonborn -->
		<XenotypeDef>
			<defName>dragonborn</defName>
			<label>Dragonborn</label>
			<description>The dragonborn walk proudly through a world that greets them with fearful incomprehension. Shaped by the dragons themselves, dragonborn originally hatched from dragon eggs as a unique race, combining the best attributes of dragons and humanoids. Some dragonborn are faithful servants to true dragons, others form the ranks of soldiers in great wars, and still others find themselves adrift, with no clear calling in life.</description>
			<descriptionShort>Originally shaped by the dragons themselves, Dragonborn combine the best attributes of humanoids and dragons.</descriptionShort>
			<iconPath>UI/Icons/Xenotypes/Dragonborn</iconPath>
			<inheritable>true</inheritable>
			<genes>
				<li>BTEMy_DraconicNose</li>
				<li>BTEMy_DraconicTail</li>      				    				
				<li>AG_ScalyBody</li>
				<li>BTEMa_SharpClaws</li>
				<li>AG_AnimusEars</li>
				<li>NaturalArmor</li>
											
				<li>Hair_BaldOnly</li>
				<li>Skin_DeepRed</li>
				<li>AG_Skin_DeeperRed</li>
				<li>AG_Skin_DeepGreen</li>
				<li>AG_Skin_PlantGreen</li>
				<li>Skin_InkBlack</li>
				<li>Skin_PaleRed</li>		
				
				
				<li>Body_Standard</li>
				<li>Body_Hulk</li>
				<li>AG_EggLaying</li>
				<li>Beard_NoBeardOnly</li>
				
				<li>FireResistant</li>
				<li>MeleeDamage_Strong</li>
				<li>WoundHealing_Fast</li>
				<li>Sleepy</li>
				<li>Robust</li>
      				<li>Unstoppable</li>			
				<li>BTEMy_AvariceInstinct</li>
				<li>Aggression_Aggressive</li>
	 			
				<li>MinTemp_SmallIncrease</li>
				<li>AptitudeTerrible_Animals</li>
	  			<li>AptitudeTerrible_Plants</li>
				<li>AptitudeTerrible_Intellectual</li>
				
				<li>FireSpew</li>
				<li>AcidSpray</li>
			</genes>
		</XenotypeDef>
</Defs>

